ID;Titre;Entreprise;Ville;Type de contrat;Secteur d'activité;Fonction;Expérience requise;Niveau d'étude;Télétravail;Nombre de postes;Date de publication;Salaire;Description;URL
0;CONSEILLER COMMERCIAL;Intelcia;Casablanca;CDI;Centre d'appels;Centre d'appels (métiers de);De 1 à 3 ans;Bac;Non;1;20/12/2025;;"1 Rejoignez Intelcia en tant que Conseiller Commercial pour promouvoir nos solutions télécoms auprès des professionnels. Votre mission : contacter les clients, identifier leurs besoins et conclure des ventes. Une expérience en télévente est requise pour ce poste dynamique.";https://www.rekrute.com/offre-emploi-conseiller-commercial-recrutement-intelcia-casablanca-178184.html
0;Ingénieur (e) développement Camunda/BPMN;BTechnologie;Rabat;CDI;Telecom;Télécom / Réseaux;De 1 à 3 ans - De 3 à 5 ans;Bac +5 et plus;Hybride;1;19/12/2025;;"2 Ingénieur(e) développement Camunda/BPMN recherché à Rabat pour rejoindre BTECHNOLOGIE, centre d'excellence premium. Votre mission sera de modéliser, automatiser et optimiser des processus métiers avec Camunda. Vous devrez posséder une expertise en BPMN, JSON, Python et une bonne connaissance de Camunda.";https://www.rekrute.com/offre-emploi-ingenieur-e-developpement-camundabpmn-recrutement-btechnologie-rabat-178182.html
0;Consultant Technique Senior ServiceNow (H/F);DXC - CDG;"Rabat, Rabat-Salé-Kénitra, Maroc";CDI;Informatique;"Informatique / Electronique , Internet / Multimédia";De 5 à 10 ans;Bac +4;Hybride;2;19/12/2025;;", Rabat-Salé-Kénitra, Maroc (Maroc) 2 DXC Technology recrute un Consultant Technique Senior ServiceNow (H/F) pour concevoir et implémenter des solutions personnalisées sur la plateforme ServiceNow. Vous analyserez les exigences clients, développerez des solutions sur ITSM, HR et CSM, et assurerez les intégrations système. Un diplôme BAC+4/5, une expérience significative sur ServiceNow et des certifications CSA/CIS sont requis.";https://www.rekrute.com/offre-emploi-consultant-technique-senior-servicenow-hf-recrutement-dxc---cdg-rabat-rabat-sale-kenitra-maroc-178180.html
0;Commercial terrain B2B;Manpower Agences;Meknès;Autre;Autres services;Commercial / Vente / Export;Moins de 1 an;Bac +2;Non;1;19/12/2025;;"2 Manpower Group recrute un Commercial Terrain B2B à Meknès pour développer un portefeuille clients, identifier leurs besoins et conclure des ventes. Vous possédez une formation Bac+2 en commerce et une première expérience réussie en vente, avec d'excellentes capacités de négociation. Poste basé à Meknès avec un salaire fixe entre 3000 et 4000 MAD.";https://www.rekrute.com/offre-emploi-commercial-terrain-b2b-recrutement-manpower-agences-meknes-178179.html
0;CONSEILLER TECHNIQUE;Intelcia;Casablanca;CDI;Offshoring / Nearshoring;Centre d'appels (métiers de);De 1 à 3 ans;Autodidacte;Non;1;19/12/2025;;"Intelcia recrute un Conseiller Technique pour son équipe à distance. Votre mission sera de diagnostiquer et résoudre les problèmes techniques des utilisateurs informatiques par téléphone ou en ligne. Une excellente maîtrise du français, un bon sens de l'écoute et une capacité d'analyse sont requis ; une expérience en assistance technique est un plus.";https://www.rekrute.com/offre-emploi-conseiller-technique-recrutement-intelcia-casablanca-178178.html
0;TELEVENDEUR;Intelcia;Casablanca;CDI;Offshoring / Nearshoring;RH / Personnel / Formation;De 3 à 5 ans;Autodidacte;Non;1;19/12/2025;;"Intelcia recrute un Télévendeur pour des missions de vente à distance, qualification de fichiers et prospection. Vous maîtrisez parfaitement le français, possédez d'excellentes techniques commerciales et d'écoute, et savez convaincre vos interlocuteurs. Une formation complète est assurée avant votre prise de poste.";https://www.rekrute.com/offre-emploi-televendeur-recrutement-intelcia-casablanca-178177.html
0;Chef de Projet MOA Cash Management – Kyriba (H/F);Tectra;Casablanca;CDI;Banque / Finance;"Banque (métiers de la) , Gestion / Comptabilité / Finance";De 3 à 5 ans - De 5 à 10 ans;Bac +5 et plus;Non;1;19/12/2025;;"TECTRA recherche un(e) Chef de Projet MOA Cash Management – Kyriba (H/F) pour piloter le déploiement d'un TMS et la connectivité bancaire multi-banques. Vous dirigerez les ateliers, la coordination bancaire, les tests et la conduite du changement. Bac+5 avec 5 ans minimum d'expérience en cash management et connaissance de Kyriba ou TMS équivalent requises.";https://www.rekrute.com/offre-emploi-chef-de-projet-moa-cash-management-kyriba-hf-recrutement-tectra-casablanca-178175.html
0;Responsable de Zone;Confidentiel;Laâyoune;CDI;Banque / Finance - Autres Industries;"Banque (métiers de la) , Commercial / Vente / Export";De 3 à 5 ans - De 5 à 10 ans;Bac +3;Non;1;19/12/2025;;"1 Nous recherchons un(e) Responsable de Zone basé(e) à Laâyoune pour une entreprise dans le secteur de la distribution. Vos missions incluront le développement des ventes, la gestion opérationnelle des stations, le suivi des performances et la conformité HSSE. Un diplôme Bac+5 avec minimum 5 ans d'expérience en commerce/marketing est requis, idéalement avec une connaissance des régions du Sud du Maroc.";https://www.rekrute.com/offre-emploi-responsable-de-zone-recrutement-confidentiel-laayoune-178176.html
0;ExeKutive;Confidentiel;;CDI;Banque / Finance;Direction des Opérations;De 10 à 20 ans;Bac +5 et plus;Non;1;19/12/2025;;"Directeur des Opérations (H/F) | Casablanca (Maroc) 1 Directeur des Opérations (H/F) recherché pour un groupe marocain de référence dans les services RH. Vous piloterez la performance opérationnelle et commerciale d'un réseau multi-agences et animerez les équipes terrain. Ce poste requiert un Bac+5, 10 ans d'expérience minimum en management opérationnel multi-sites et une solide culture de pilotage.";https://www.rekrute.comexek
0;Responsable Maintenance Mécanique Fixe;Aya Gold & Silver;Taliouine;CDI;Extraction / Mines;Production / Qualité / Sécurité / Maintenance;De 5 à 10 ans;Bac +5 et plus;Non;1;19/12/2025;;"(Maroc) Aya Gold & Silver recrute un Responsable Maintenance Mécanique Fixe au Maroc. Ce poste clé implique la gestion des opérations de maintenance, la supervision des équipes et l'optimisation des ressources pour garantir la disponibilité des installations. Le candidat idéal possède une solide expérience industrielle, une maîtrise des techniques de maintenance et d'excellentes compétences en gestion.";https://www.rekrute.com/offre-emploi-responsable-maintenance-mecanique-fixe-recrutement-aya-gold-silver-taliouine-178173.html
0;Ingénieur Soumission aux Appels d’Offres - Travaux Publics - Rabat;Confidentiel;Rabat-Salé-Kénitra;CDD;Appel d'Offres - Bâtiment et Travaux Publics;;Expérience > 10 ans;Bac+5 et plus;;1;22/12/2025;;"Dans le cadre de son développement au Maroc, le recruteur, Groupe international faisant partie des leaders mondiaux du secteur du BTP, souhaite compléter son équipe au Maroc. Missions Principales : Appels d’offres: Préparation des dossiers administra...";https://www.emploi.ma/offre-emploi-maroc/ingenieur-elaboration-dossiers-appels-offres-btp-rabat-9101502
0;Chargé de Logistique - Taroudant;Confidentiel;Agadir;Anapec;Export - Transport;;"Etudiant, jeune diplômé & Débutant < 2 ans";Bac+4 & Bac+5 et plus;;1;22/12/2025;;société agricole basée à taroudant recrute un Chargé de Logistique attaché au service export et chargé des relations avec le transitaire et le transporteur pour le bon déroulement de l'opération export.;https://www.emploi.ma/offre-emploi-maroc/charge-logistique-taroudant-9115190
0;Ingénieur en Électricité – Bâtiment / Infrastructure - Rabat;Confidentiel;Rabat-Salé-Kénitra;CDI & CDD;;;Expérience entre 5 ans et 10 ans & Expérience > 10 ans;Bac+5 et plus;;1;22/12/2025;;"Nous recrutons pour le compte de notre client basé à Rabat, Un(e) Ingénieur en Électricité – Bâtiment / Infrastructure , Son rôle est de concevoir, dimensionner et développer les installations électriques (courant fort et courant faible) pour des pro...";https://www.emploi.ma/offre-emploi-maroc/ingenieur-electricite-batiment-infrastructure-rabat-9122705
0;Responsable Maintenance (Ingénieur(e) en Électromécanique) H/F - Mohammedia Et Ses Environs;Confidentiel;Casablanca-Mohammedia;CDI;Automatisme - Électromécanique - Gestion de la Maintenance - Hydraulique - Instrumentation - Maintenance - Maintenance Industrielle - Maintenance Préventive - Ordonnancement - Processus - Processus de Maintenance - Production - Qualité - Thermodynamique;;Expérience entre 2 ans et 5 ans et plus;Bac+4 & Bac+5 et plus;;1;22/12/2025;;"Nous recrutons un(e) Responsable Maintenance . Vous disposez d’une expertise en maintenance industrielle et souhaitez évoluer dans un environnement stimulant, inclusif et engagé pour l’égalité des chances ? Cette opportunité est faite pour vous ! Con...";https://www.emploi.ma/offre-emploi-maroc/responsable-maintenance-fh-mohammedia-ses-environs-9123067
0;"Formateur Vacataire en ""Exploiter les instruments de mesure"" - Fès";Confidentiel;Fès;CDD;BTP - Construction - Métrologie;;Expérience entre 2 ans et 5 ans et plus;Bac+4 & Bac+5 et plus;;1;22/12/2025;;"Nous sommes à la recherche d'un Formateur Vacataire en ""Exploiter les instruments de mesure"". Missions principales : Former les stagiaires à l’identification et à l’exploitation des instruments de mesure et du matériel d’essai en laboratoire et sur c...";https://www.emploi.ma/offre-emploi-maroc/formateur-vacataire-exploiter-instruments-mesure-fes-9123083
0;Technicien en Informatique - Systèmes / Réseaux - Témara;Logo non disponible;Rabat-Salé-Kénitra;CDI;ITIL - LINUX - SQL - VMWARE - VOIP;;Débutant < 2 ans et plus;"Bac+3, Bac+4 & Bac+5 et plus";;1;22/12/2025;;"Nous sommes à la recherche d'un Technicien en Informatique - Systèmes / Réseaux. Mission : Gérer le parc informatique de la société, superviser le réseau et assister les utilisateurs.";https://www.emploi.ma/offre-emploi-maroc/technicien-informatique-systemesreseaux-temara-9123261
0;Responsable Logistique Import et Export - Casablanca;Confidentiel;Casablanca-Mohammedia;CDI;Achats - Approvisionnements - Dédouanement - Douane - Export - Exportation - Import - Importation - Incoterms - Magasinage - Négociation - Planification Logistique - Processus Logistique - Transport - Transport International;;Expérience entre 5 ans et 10 ans & Expérience > 10 ans;Bac+4 & Bac+5 et plus;;1;22/12/2025;;"Nous sommes à la recherche d'un Responsable Logistique Import et Export. Missions: Service import Établissement, suivi et optimisation du budget logistique (transport national et international, frais d‘approche, rémunération transitaire…) Mise en pla...";https://www.emploi.ma/offre-emploi-maroc/responsable-logistique-import-export-casablanca-9125708
0;Développeur Windev - Agadir;Confidentiel;Agadir;CDI;API - MYSQL - SQL - WEBDEV - WINDEV;;Expérience entre 2 ans et 5 ans et plus;"Bac+3, Bac+4 & Bac+5 et plus";;1;22/12/2025;;"Nous sommes à la recherche d'un Développeur Windev. Le Développeur Windev conçoit, développe et maintient les applications internes de Vetcam utilisant l’écosystème PC SOFT (Windev, Webdev, Windev Mobile). Il participe activement à la digitalisation ...";https://www.emploi.ma/offre-emploi-maroc/developpeur-windev-agadir-9127468
0;Technologue Junior H/F - Fqih Ben Saleh;Confidentiel;Béni Mellal-Khénifra;CDI;Industrie - Maintenance - Microbiologie - Optimisation des Procédés - Procédés - Procédés Industriels - Production - Productivité - Produits Laitiers - Qualité;;Expérience entre 2 ans et 5 ans;"Bac+3, Bac+4 & Bac+5 et plus";;1;22/12/2025;;Nous recherchons un (e) Technologue Junior motivé(e) pour rejoindre notre équipe et contribuer activement à nos projets dans un environnement professionnel stimulant. Missions principales : Être l’ambassadeur de l’innovation et de la rénovation au se...;https://www.emploi.ma/offre-emploi-maroc/technologue-junior-hf-fqih-ben-saleh-9127476
0;Chef D´Atelier - Menuiserie Aluminium - Témara;Confidentiel;Rabat-Salé-Kénitra;CDI;Aluminium - Fabrication - Fabrication Mécanique - Gestion - Leadership - Lean Manufacturing - Machines - Maintenance - Management - Manufacturing - Menuiserie - Menuiserie Aluminium - Normes de Qualité - Processus - Production - Qualité - Usinage;;Expérience entre 5 ans et 10 ans & Expérience > 10 ans;"Bac+2, Bac+3, Bac+4 & Bac+5 et plus";;1;22/12/2025;;"Nous recherchons un Chef d’Atelier en Menuiserie Aluminium chargé de superviser, coordonner et optimiser l’ensemble des activités de production. Il veille au respect des délais, des standards de qualité et des normes de sécurité, tout en garantissant...";https://www.emploi.ma/offre-emploi-maroc/chef-atelier-menuiserie-aluminium-temara-9134021
0;Ingénieur en Sécurité Incendie - Casablanca;Confidentiel;Casablanca-Mohammedia;CDI;BTP - Désenfumage - Sécurité - Sécurité Incendie;;Expérience entre 2 ans et 5 ans et plus;Bac+5 et plus;;1;22/12/2025;;"Nous sommes à la recherche d'un Ingénieur en Sécurité Incendie. Missions principales Réaliser les études de sécurité incendie pour projets industriels, tertiaires et infrastructures. Établir les scénarios d’incendie et dimensionner les systèmes de dé...";https://www.emploi.ma/offre-emploi-maroc/ingenieur-securite-incendie-casablanca-9139735
0;Technicien Simulateur - Nouasseur;Confidentiel;Casablanca-Mohammedia;CDI;Électronique - Électrotechnique - Exploitation - Maintenance - Maintenance Préventive - Mécatronique - Qualité;;Expérience entre 2 ans et 5 ans;Bac+3;;1;22/12/2025;;"Nous sommes à la recherche des Techniciens Simulateurs. Missions : Le technicien simulateur aura pour mission de réaliser les vérifications pré-session, d’effectuer les mises à jour logicielles et matérielles, et de diagnostiquer les pannes afin de g...";https://www.emploi.ma/offre-emploi-maroc/technicien-simulateur-nouasseur-9146185
0;Agent de Chargement et Déchargement de Produits Alimentaires - Skhirat;Confidentiel;Rabat-Salé-Kénitra;CDD;Entretien;;Débutant < 2 ans;Bac;;1;22/12/2025;;Nous recrutons pour le compte de centres commerciaux opérant dans le secteur agroalimentaire des Agents de Chargement et Déchargement motivés et sérieux. Type de mission : Assurer les opérations de chargement et déchargement des marchandises Organise...;https://www.emploi.ma/offre-emploi-maroc/agent-chargement-dechargement-produits-alimentaires-skhirat-9146199
0;Secrétaire de Direction Anglophone - Mohammedia;Confidentiel;Casablanca-Mohammedia & Rabat-Salé-Kénitra;CDI;Communication - Communication Interne - Marketing - Rédaction - Télémarketing - Vente;;Expérience entre 2 ans et 5 ans et plus;"Bac+2, Bac+3, Bac+4 & Bac+5 et plus";;1;22/12/2025;;"PME, filiale d’un groupe international à forte notoriété, dans le secteur du contrôle qualité quantité des produits pétroliers, cherche, une Secrétaire de Direction. Rattaché(e) à la Direction Générale, votre principale mission sera : Accueillir une ...";https://www.emploi.ma/offre-emploi-maroc/secretaire-direction-trilingue-mohammedia-9149425
0;Responsable de Maintenance – Parc Engins BTP - Mohammedia;Confidentiel;Casablanca-Mohammedia;CDI;Amélioration Continue - Hydraulique - Maintenance - Maintenance Préventive - Production - Qualité;;Expérience > 10 ans;"Qualification avant bac, Bac, Bac+1, Bac+2, Bac+3, Bac+4 & Bac+5 et plus";;1;22/12/2025;;"Nous recherchons un Responsable de Maintenance expérimenté pour superviser et optimiser l’ensemble des opérations de maintenance de notre parc d'engins. Le candidat idéal possède une solide expérience technique, d’excellentes compétences en gestion d...";https://www.emploi.ma/offre-emploi-maroc/responsable-maintenance-parc-engins-btp-mohammedia-9151638
0;Ingénieur Réseaux et Sécurité Informatique - Casablanca;Confidentiel;Casablanca-Mohammedia;CDI;ARUBA - ASTERISK - CISCO - FORTINET - HPE - KVM - NAGIOS - SOPHOS - TOIP - VEEAM - VMWARE - ZABBIX;;Expérience entre 2 ans et 5 ans et plus;Bac+5 et plus;;1;22/12/2025;;Nous sommes à la recherche d'un Ingénieur Réseaux et Sécurité Informatique. Vos missions principales : Assurer le pilotage de l’intégration et du déploiement des solutions techniques choisies. Rédiger la documentation d’architecture ainsi que les pro...;https://www.emploi.ma/offre-emploi-maroc/ingenieur-reseaux-securite-informatique-casablanca-9153031
0;Développeur DRUPAL en Freelance - Travail à Distance;Confidentiel;Agadir - Béni Mellal-Khénifra - Casablanca-Mohammedia - Dakhla -...;Freelance;DRUPAL - PHP;;Expérience entre 5 ans et 10 ans - Expérience > 10 ans;"Bac+2, Bac+3, Bac+4 - Bac+5 et plus";;1;22/12/2025;;"Nous recherchons un Développeur DRUPAL Freelance (5 ans minimum d'expérience en DRUPAL obligatoire). Missions : Vous développez nos plateformes basées sur DRUPAL : Réalisation / développement de modules ; Préparation des spécifications ; Développemen...";https://www.emploi.ma/offre-emploi-maroc/developpeur-drupal-freelance-travail-distance-9157333
0;Human Resources and Administrative Officer - Casablanca;Confidentiel;Casablanca-Mohammedia;CDI;Formation - Gestion d'Équipe;;Expérience entre 2 ans et 5 ans et plus;"Bac+3, Bac+4 & Bac+5 et plus";;1;22/12/2025;;"Nous recherchons, pour le compte de notre client, une entreprise internationale spécialisée dans les solutions technologiques , une Human Resources and Administrative Officer en CDI , basée à Casablanca . Missions : Préparer les éléments de paie et d...";https://www.emploi.ma/offre-emploi-maroc/human-resources-administrative-officer-casablanca-9157786
0;Décorateur et Architecte D’Intérieur - Casablanca;Confidentiel;Agadir & Casablanca-Mohammedia;CDI;AUTOCAD - PHOTOSHOP - SKETCHUP - Vente;;"Etudiant, jeune diplômé et plus";"Bac+2, Bac+3, Bac+4 & Bac+5 et plus";;1;22/12/2025;;"Nous sommes à la recherche des Décorateurs et Architectes d’Intérieur. Missions : Conseiller et accompagner les clients dans la conception de leur mobilier sur mesure (lits, canapés, tables…). Réaliser des plans 2D / 3D , moodboards et présentations ...";https://www.emploi.ma/offre-emploi-maroc/decorateur-architecte-interieur-casablanca-9161487
0;Pilote Qualité - Tanger;Confidentiel;Tanger-Tétouan-Al Hoceïma;CDI;Génie Industriel - Maintenance - Management de la Qualité - Production - Qualité;;Expérience entre 2 ans et 5 ans;Bac+5 et plus;;1;22/12/2025;;"Nous sommes à la recherche d'un Pilote Qualité. Missions : Être le garant de la qualité et de l'application des règles du Système de Management de la Qualité en production; Gérer et coordonner toutes les actions qui garantissent que nos opérations ré...";https://www.emploi.ma/offre-emploi-maroc/pilote-qualite-tanger-9166514
0;Responsable Laboratoire (Électricité) - Casablanca;Confidentiel;Casablanca-Mohammedia;CDI;BPF - Chimie - Électrotechnique - Gestion de la Qualité - Maintenance - Métrologie - Normes de Qualité - Process - Qualité;;Expérience entre 2 ans et 5 ans;Bac+5 et plus;;1;22/12/2025;;"Nous sommes à la recherche d'un Responsable Laboratoire. Mission principale : Le responsable laboratoire encadre et organise les activités du laboratoire d’analyses, de contrôle ou de recherche. Il garantit la fiabilité des résultats, le respect des ...";https://www.emploi.ma/offre-emploi-maroc/responsable-laboratoire-electricite-casablanca-9167298
0;Ingénieur Biomédical (H/F) - Casablanca;Confidentiel;Casablanca-Mohammedia;CDI;Amélioration Continue - Gestion de la Qualité - Maintenance - Maintenance Préventive - Processus - Production - Qualité;;Expérience entre 2 ans et 5 ans et plus;Bac+5 et plus;;1;22/12/2025;;"Dans le cadre du renforcement de ses équipes, nous recrutons pour le compte de notre client opérant dans le secteur des dispositifs médicaux des Ingénieurs Biomédicaux . Vous interviendrez activement dans le développement, le support technique, la ma...";https://www.emploi.ma/offre-emploi-maroc/ingenieur-biomedical-hf-casablanca-9170169
0;Chargé(e) de Recrutement - Tanger;Confidentiel;Tanger-Tétouan-Al Hoceïma;Intérim;Embauche - Entretien d'Embauche - Formation - Processus de Recrutement - Recrutement - Suivi Administratif;;Expérience entre 2 ans et 5 ans et plus;"Bac+3, Bac+4 & Bac+5 et plus";;1;20/12/2025;;"L’Humain est au cœur de notre métier ! TECTRA est aujourd’hui leader du conseil en Ressources Humaines au Maroc. Avec plus de 1000 clients actifs multisectoriels et une force de réseaux de 27 agences partout dans le Royaume, Tectra vous accompagne da...";https://www.emploi.ma/offre-emploi-maroc/chargee-recrutement-tanger-8930117
0;Agent Administratif - Marrakech;Confidentiel;Marrakech-Safi;Intérim;Achats - Comptabilité - Facturation - Finance - Gestion - Transport;;Débutant < 2 ans et plus;"Bac+2, Bac+3, Bac+4 & Bac+5 et plus";;1;20/12/2025;;"Nous recrutons en urgence un Agent Administratif pour notre agence à Marrakech . Vous aurez pour principales missions : Gestion quotidienne des reliquats des commandes ; Facturation (Facture, avoirs retours et promotions) ; Poste basé à Marrakech.";https://www.emploi.ma/offre-emploi-maroc/agent-administratif-marrakech-9162128
0;Agent Maritime Terrain - Casablanca;Confidentiel;Casablanca-Mohammedia;CDD;Chargement - Comptabilité - Déchargement - Douane - Exportation - Finance - Gestion - Importation - Transit - Transport - Transport International - Transport Maritime;;Expérience entre 5 ans et 10 ans & Expérience > 10 ans;"Bac+3, Bac+4 & Bac+5 et plus";;1;20/12/2025;;"Pour l'un de ces client opérant dans le secteur du transport international et transit , TECTRA recrute son Agent Maritime Terrain . Missions principales : Gestion des escales : Superviser l'intégralité de l'escale du navire, de l'arrivée au départ. F...";https://www.emploi.ma/offre-emploi-maroc/agent-maritime-terrain-casablanca-9162130
0;Technicien Maintenance Électrique - Nador;Confidentiel;Tanger-Tétouan-Al Hoceïma;CDI;Automatisation Électrique - Électromécanique - Maintenance - Maintenance Électrique - Maintenance Industrielle - Maintenance Préventive - Processus - Production - Qualité - Sécurité Électrique;;"Etudiant, jeune diplômé et plus";Bac+2 & Bac+3;;1;19/12/2025;;"Pour l’un de ses clients, dans le secteur de fabrication de pièces automobiles , TECTRA recherche un(e) Technicien Maintenance Électrique, à Nador . Votre impact En tant que Technicien Maintenance Électrique, vous serez responsable de la maintenance ...";https://www.emploi.ma/offre-emploi-maroc/technicien-maintenance-electrique-nador-9169539
0;Conseiller Commercial en Regroupement de Crédits ou Assurances - Casablanca;Confidentiel;Casablanca-Mohammedia;CDI;Assurance - Banque - Crédits Bancaires - CRM - Gestion des Créances - Gestion des Crédits - Gestion des Recouvrements - Négociation - Prospection - Suivi Commercial - Techniques de Vente - Vente;;"Etudiant, jeune diplômé et plus";Bac+5 et plus;;1;19/12/2025;;"Dans le cadre de notre développement, nous recrutons de nouveaux Conseillers Commerciaux en Regroupement de Crédits ou Assurances H/F pour notre site de Casablanca . Vos futurs missions - selon votre périmètre (assurances ou regroupement de crédits) ...";https://www.emploi.ma/offre-emploi-maroc/conseiller-commercial-regroupement-credits-assurances-casablanca-9068345
0;Animateur(trice) and Inborder - Berrechid;Confidentiel;Casablanca-Mohammedia;Intérim;Vente;;Débutant < 2 ans et plus;"Bac+2, Bac+3, Bac+4 & Bac+5 et plus";;1;19/12/2025;;"L’Humain est au cœur de notre métier ! TECTRA est aujourd’hui le leader du conseil en Ressources Humaines au Maroc. Avec plus de 1 000 clients actifs multisectoriels et un réseau de 27 agences à travers le Royaume, TECTRA vous accompagne dans votre r...";https://www.emploi.ma/offre-emploi-maroc/animateurtrice-inborder-berrechid-9160468
0;Chef d´Équipe - Berrechid;Confidentiel;Casablanca-Mohammedia;Intérim;Chimie - Maintenance - Procédés - Procédés Industriels - Production - Qualité;;Débutant < 2 ans et plus;"Bac+2, Bac+3, Bac+4 & Bac+5 et plus";;1;19/12/2025;;"L’Humain est au cœur de notre métier ! TECTRA , leader du conseil en Ressources Humaines au Maroc, avec plus de 1 000 clients multisectoriels et 27 agences à travers le Royaume, vous accompagne dans votre recherche d’emploi. Dans le cadre du développ...";https://www.emploi.ma/offre-emploi-maroc/chef-equipe-berrechid-9160518
0;Technicien en Maintenance - Berrechid;Confidentiel;Casablanca-Mohammedia;Intérim;Génie Électrique - Maintenance - Maintenance Industrielle - Maintenance Préventive - Qualité;;"Etudiant, jeune diplômé et plus";"Bac, Bac+1, Bac+2, Bac+3, Bac+4 & Bac+5 et plus";;1;19/12/2025;;"L’Humain est au cœur de notre métier ! TECTRA , leader du conseil en Ressources Humaines au Maroc, vous accompagne dans votre parcours professionnel grâce à un réseau solide et multisectoriel. Pour l’un de nos clients, nous recrutons : Techniciens en...";https://www.emploi.ma/offre-emploi-maroc/technicien-maintenance-berrechid-9160524
0;Assistante de Direction - Casablanca Anfa Place;Confidentiel;Casablanca-Mohammedia;Intérim;Assistanat - Dossiers - Dossiers Administratifs - Gestion des Dossiers - Secrétariat;;Expérience entre 2 ans et 5 ans;Bac+3;;1;19/12/2025;;"Notre client, une grande multinationale à Anfa Place, cherche dans le cadre de l’intérim une Assistante de Direction . Rattachée au directeur du département logistique, vous l'accompagnez dans la gestion quotidienne de son activité. Dans ce cadre, vo...";https://www.emploi.ma/offre-emploi-maroc/assistante-direction-casablanca-anfa-place-9161036
0;Commerciale Terrain Produit d´Esthétique/Cosmétique - Casablanca;Confidentiel;Casablanca-Mohammedia;CDD;Négociation - Prospection - Vente;;Expérience entre 5 ans et 10 ans & Expérience > 10 ans;"Bac+2, Bac+3, Bac+4 & Bac+5 et plus";;1;19/12/2025;;"Pour l'un de ces clients spécialisé dans l'importation du produit cosmétique esthétique, TECTRA recrute son Commerciale Terrain. Missions principales Prospection et Développement : Identifier et démarcher de nouveaux clients (salons de coiffure, inst...";https://www.emploi.ma/offre-emploi-maroc/commerciale-terrain-produit-esthetiquecosmetique-casablanca-9161144
0;Animateur Commercial - Kénitra;Confidentiel;Rabat-Salé-Kénitra;Intérim;Techniques de Vente - Vente;;Débutant < 2 ans;Bac;;1;19/12/2025;;Nous recrutons pour le compte de notre client des Animateurs/Animatrices chargés de promouvoir et d’accompagner les utilisateurs d’une application opérant dans le secteur FinTech. Missions Principales : Participation aux actions d’animation et de dév...;https://www.emploi.ma/offre-emploi-maroc/animateur-commercial-kenitra-9161149
0;Contrôleur Qualité - EL Jadida;Confidentiel;Casablanca-Mohammedia & Marrakech-Safi;Intérim;Aluminium - Maintenance - Qualité;;Expérience entre 2 ans et 5 ans;Bac+2 & Bac+3;;1;19/12/2025;;"L’Humain est au cœur de notre métier ! TECTRA est aujourd’hui leader du conseil en Ressources Humaines au Maroc. Avec plus de 1000 clients actifs multisectoriels et une force de réseaux de 27 agences partout dans le Royaume, Tectra vous accompagne da...";https://www.emploi.ma/offre-emploi-maroc/controleur-qualite-el-jadida-9161158
0;Responsable Qualité Produit / QHSE - Casablanca;Confidentiel;Casablanca-Mohammedia;CDI;Génie Électrique - Génie Industriel - Maintenance - Procédés - Process - Processus - Produit Fini - QHSE - Qualité - Six Sigma;;Expérience entre 2 ans et 5 ans & Expérience entre 5 ans et 10 ans;Bac+5 et plus;;1;19/12/2025;;"Entreprise leader du marché, nous recherchons un(e) Responsable Qualité Produit / QHSE pour notre activité Matériel de Ligne. Mission : Vous aurez pour mission de déployer, maintenir, surveiller et améliorer la politique QHSE du site, tout en garanti...";https://www.emploi.ma/offre-emploi-maroc/responsable-qualite-produit-qhse-casablanca-9161261
0;Animateur(trice) - Fès;Confidentiel;Fès;Intérim;Achats - Communication - Marketing;;Expérience entre 2 ans et 5 ans;Bac+2;;1;19/12/2025;;Nous recrutons pour le compte de notre client des Animateurs(trices) chargés de promouvoir et d’accompagner les utilisateurs d’une application opérant dans le secteur FinTech. Missions principales : Présentation et promotion de l’application auprès d...;https://www.emploi.ma/offre-emploi-maroc/animateurtrice-fes-9161441
0;Morocco Retail Manager - Casablanca;Logo non disponible;Agadir - Béni Mellal-Khénifra - Casablanca-Mohammedia - Dakhla -...;CDD;Business Administration - Leadership - Management - Merchandising - Vente;;Expérience entre 2 ans et 5 ans et plus;"Qualification avant bac, Bac, Bac+1, Bac+2, Bac+3, Bac+4 - Bac+5 et plus";;1;19/12/2025;;We are looking for a Morocco Retail Manager. Key Responsibilities 1. Retail Network Planning Lead the overall planning and layout of the company’s offline retail presence to improve channel coverage. 2. Market & Performance Analysis Analyze market da...;https://www.emploi.ma/offre-emploi-maroc/morocco-retail-manager-casablanca-9141353
0;Ingénieur Biomédicale - Casablanca;Confidentiel;Casablanca-Mohammedia;CDI;Gestion de la Qualité - Maintenance - Production - Qualité;;Expérience entre 2 ans et 5 ans et plus;Bac+5 et plus;;1;19/12/2025;;"nous recrutons pour notre client 2 Ingénieurs Biomédicales pour participer au développement, au support technique et à la gestion de la qualité des dispositifs médicaux commercialisés par la société. Missions : Assurer le support technique aux client...";https://www.emploi.ma/offre-emploi-maroc/ingenieur-biomedicale-casablanca-9135752
0;"Sekretär/in, Sachbearbeiter/in - Agdal, Rabat";Confidentiel;Rabat-Salé-Kénitra;CDI & CDD;Administration - Assistanat - Formation - Management - WORD;;Expérience entre 2 ans et 5 ans et plus;"Bac, Bac+1, Bac+2, Bac+3, Bac+4 & Bac+5 et plus";;1;18/12/2025;;Bürokraft (m/w) im Bereich Administration Zur Verstärkung unseres Teams suchen wir eine zuverlässige und engagierte Bürokraft (m/ w für den Bereich Administration . Ihre Aufgaben: Allgemeine administrative und organisatorische Tätigkeiten Sicherer Um...;https://www.emploi.ma/offre-emploi-maroc/sekretarin-sachbearbeiterin-agdal-rabat-9165200
0;Technicien Courant Faible - Casablanca;Confidentiel;Casablanca-Mohammedia;CDD;Câblage - Maintenance - Maintenance Préventive - Production - Qualité;;Expérience entre 5 ans et 10 ans & Expérience > 10 ans;"Bac+2, Bac+3, Bac+4 & Bac+5 et plus";;1;18/12/2025;;"Pour l'un de ces clients opérant dans le secteur industrielle, TECTRA recrute 2 Techniciens Courant Faible avec 8 ans d'expériences Missions principales : Installation et câblage : Poser et raccorder les équipements (lecteurs de badges, caméras, câbl...";https://www.emploi.ma/offre-emploi-maroc/technicien-courant-faible-casablanca-9168815
0;Assistante de Direction Bilingue (Arabe / Français) - Rabat;Confidentiel;Rabat-Salé-Kénitra;CDI;Assistanat - Documents Administratifs - Gestion des Appels - Secrétariat;;Débutant < 2 ans et plus;"Bac, Bac+1, Bac+2, Bac+3, Bac+4 & Bac+5 et plus";;1;18/12/2025;;"Nous recherchons une Assistante Administrative Bilingue Arabe/Français , proactive , organisée et dotée d’un excellent sens de l’anticipation, pour accompagner la gestion quotidienne administrative et organisationnelle, y compris la coordination du p...";https://www.emploi.ma/offre-emploi-maroc/assistante-direction-bilingue-arabe-francais-rabat-9168710
0;Chargé de Portefeuille H/F - Tamesna;Confidentiel;Rabat-Salé-Kénitra;CDI;Comptabilité - Finance - Gestion - Recouvrement;;Débutant < 2 ans et plus;"Bac+3, Bac+4 & Bac+5 et plus";;1;18/12/2025;;"Nous sommes à la recherche des Chargés de Portefeuille H/F. En tant que « Chargé de Portefeuille », vous aurez pour principales missions : Gérer et développer le portefeuille client Faire des prospections de nouveaux clients Mettre en avant nos produ...";https://www.emploi.ma/offre-emploi-maroc/charge-portefeuille-hf-tamesna-9168700
0;Chargé de Portefeuille - Skhirat;Confidentiel;Rabat-Salé-Kénitra;CDI;Communication - Comptabilité - Finance - Gestion - Marketing - Recouvrement;;Débutant < 2 ans et plus;"Bac+3, Bac+4 & Bac+5 et plus";;1;18/12/2025;;"Nous sommes à la recherche des Chargés de Portefeuille. En tant que « Chargé de Portefeuille », vous aurez pour principales missions : Gérer et développer le portefeuille client Faire des prospections de nouveaux clients Mettre en avant nos produits ...";https://www.emploi.ma/offre-emploi-maroc/charge-portefeuille-skhirat-9168695
0;Brand Manager - CASABLANCA;Confidentiel;Casablanca-Mohammedia;CDI;Négociation - Vente;;Expérience entre 5 ans et 10 ans & Expérience > 10 ans;Bac+5 et plus;;1;18/12/2025;;"Nous recrutons un(e) Brand Manager (chef de produits) pour notre filiale spécialisée en distribution d'accessoires, châles et foulard, beachwear, etc (réseau de plus de 20 points de vente). Définir et mettre en œuvre la stratégie de la marque Analyse...";https://www.emploi.ma/offre-emploi-maroc/brand-manager-casablanca-9168660
0;Inspecteur Électrique - Mohammedia;Confidentiel;Casablanca-Mohammedia;CDI;Électricité Industrielle - Maintenance - Maintenance Préventive - Production - Qualité;;Débutant < 2 ans et plus;"Qualification avant bac, Bac, Bac+1 & Bac+2";;1;18/12/2025;;"Nous sommes à la recherche d'un Inspecteur Électrique . Missions : L’inspecteur électrique / électricien industriel est chargé de : Surveiller, contrôler et optimiser le fonctionnement des équipements électriques de la briqueterie. Assurer l’entretie...";https://www.emploi.ma/offre-emploi-maroc/inspecteur-electrique-mohammedia-8993963
0;Inspecteur Mécanique - Mohammedia;Confidentiel;Casablanca-Mohammedia;CDI;Entretien - Maintenance - Mécanique - Sécurité;;Expérience entre 2 ans et 5 ans et plus;"Bac+2, Bac+3, Bac+4 & Bac+5 et plus";;1;18/12/2025;;"Nous recrutons un Inspecteur Mécanique , Il aura pour mission d’assurer le suivi, le contrôle et l’entretien des équipements mécaniques (presses, convoyeurs, fours, broyeurs…), afin de garantir une production optimale dans le respect des normes de sé...";https://www.emploi.ma/offre-emploi-maroc/inspecteur-mecanique-mohammedia-9001489
0;Technicien Maintenance Engins Lourds - Khouribga;Logo non disponible;Béni Mellal-Khénifra;CDI;Électromécanique - Génie Mécanique - Hydraulique - Maintenance - Maintenance Préventive - Mécanique Hydraulique - Production - Qualité;;Expérience entre 2 ans et 5 ans et plus;"Bac+2, Bac+3, Bac+4 & Bac+5 et plus";;1;18/12/2025;;"Pour le compte d’un de nos partenaires, nous recrutons un Technicien Maintenance Engins Lourds dans le cadre d’un projet localisé à Khouribga. Le contrat sera géré par TECTRA, avec assurance, mutuelle et transport pris en charge. Missions principales...";https://www.emploi.ma/offre-emploi-maroc/technicien-maintenance-engins-lourds-khouribga-9125458
0;Coordinatrice Pédagogique Anglophone - Casablanca;Confidentiel;Casablanca-Mohammedia;CDI;Administration - Assistanat - Documents Administratifs - Dossiers - Dossiers Administratifs - Rédaction - Secrétariat - Support;;Expérience entre 2 ans et 5 ans & Expérience entre 5 ans et 10 ans;Bac+3;;1;18/12/2025;;"Nous recherchons une Coordinatrice Pédagogique Anglophone pour rejoindre notre centre de formation. Missions : Assurer l’organisation et la coordination pédagogique : création des classes, inscriptions, planification des cours, gestion des salles, de...";https://www.emploi.ma/offre-emploi-maroc/coordinatrice-pedagogique-anglophone-casablanca-9159253
0;Community Manager - Casablanca;Confidentiel;Casablanca-Mohammedia;CDI;Communication - Communication Digitale - Communication Marketing - Création Graphique - Digital Communication - Marketing - Marketing Digital - Stratégie de Communication;;Débutant < 2 ans et plus;"Bac+3, Bac+4 & Bac+5 et plus";;1;18/12/2025;;"Dans le cadre de notre développement, nous recherchons un(e) Community Manager talentueux(se) et motivé(e) pour rejoindre notre équipe marketing. Vous serez en charge de la gestion et de l’animation de nos différentes communautés sur les réseaux soci...";https://www.emploi.ma/offre-emploi-maroc/community-manager-casablanca-9159263
0;Responsable Marketing et Communication - Casablanca;Confidentiel;Casablanca-Mohammedia;CDI;Communication - Communication Digitale - Communication Interne - Digital Marketing - Marketing - Marketing Digital - Publicité - Stratégie Marketing;;Expérience entre 2 ans et 5 ans et plus;"Bac+2, Bac+3, Bac+4 & Bac+5 et plus";;1;18/12/2025;;"Nous recherchons un Responsable Marketing et Communication pour définir et piloter la stratégie marketing et communication du groupe, renforcer sa notoriété et accompagner son développement. Missions principales : Définir et déployer la stratégie mar...";https://www.emploi.ma/offre-emploi-maroc/responsable-marketing-communication-casablanca-9159265
0;Hôtesse d’Accueil a Casablanca;kanban sarl;"37,Quartier Beausite, Centre Al Hadika, Route de Rabat, Ain Sebaa-Casablanca, 20450";Intérim;Autres;;;;;1;Publié 3 jours .;;;https://marocemploi.net/offre/hotesse-daccueil-a-casablanca/
0;Agents de Maintenance – Climatisation & Froid a Casablanca;kanban sarl;"37,Quartier Beausite, Centre Al Hadika, Route de Rabat, Ain Sebaa-Casablanca, 20450";Intérim;Autres;;;;;1;Publié 6 jours .;;;https://marocemploi.net/offre/agents-de-maintenance-climatisation-froid-a-casablanca/
0;Technicien d’Électricité et Plomberie a Beni Mellal;kanban sarl;"BENI MELLAL, 20450";Intérim;Autres;;;;;1;Publié 6 jours .;;;https://marocemploi.net/offre/technicien-delectricite-et-plomberie-a-beni-mellal/
0;Assistant(e) de Direction – Beni Mellal;kanban sarl;"beni mellal, 20450";Intérim;Autres;;;;;1;Publié 1 semaine .;;;https://marocemploi.net/offre/assistante-de-direction-beni-mellal/
0;Responsable de Restauration a Beni Mellal;kanban sarl;"beni mellal, 20450";Intérim;Hôtellerie / restauration;;;;;1;Publié 2 semaines .;;;https://marocemploi.net/offre/responsable-de-restauration-a-beni-mellal/
0;Technicien d’Électricité a Beni Mellal;kanban sarl;"beni mellal, 20450";Intérim;Autres;;;;;1;Publié 2 semaines .;;;https://marocemploi.net/offre/technicien-delectricite-a-beni-mellal/
0;Gestionnaire de l’Internat – Beni Mellal;kanban sarl;"BENI MELLAL, 20450";Intérim;Hôtellerie / restauration;;;;;1;Publié 2 semaines .;;;https://marocemploi.net/offre/gestionnaire-de-linternat-beni-mellal/
0;Chargé des Travaux;kanban sarl;"37,Quartier Beausite, Centre Al Hadika, Route de Rabat, Ain Sebaa-Casablanca, 20450";CDI;Autres;;;;;1;Publié 2 semaines .;;;https://marocemploi.net/offre/charge-des-travaux/
0;Ingénieur Mécanique – Responsable d’Exploitation (Casablanca);kanban sarl;"37,Quartier Beausite, Centre Al Hadika, Route de Rabat, Ain Sebaa-Casablanca, 20450";CDI;Industrie;;;;;1;Publié 2 semaines .;;;https://marocemploi.net/offre/ingenieur-mecanique-responsable-dexploitation-casablanca/
0;Chef de projet coordination & organisation artistique / événementielle;Abo Prod;"Mohammedia, 20000";;Art / audiovisuel;;;;;1;Publié 3 semaines .;;;https://marocemploi.net/offre/chef-de-projet-coordination-organisation-artistique-evenementielle-2/
0;Chargée de recrutement (H/F) – Casablanca;marocrecrut;"Casablanca, 20000";CDI;Transports / logistique;;;;;1;Publié 4 jours .;;;https://marocemploi.net/offre/chargee-de-recrutement-h-f/
0;Chargé RH – Rabat;MAROC VOYAGES et MVR STRAYEGY;"Bureau N°23 Avenue Arroz Secteur 11 Hay Ryad Rabat, 10000";CDI;Tourisme;;;;;1;Publié 6 jours .;;;https://marocemploi.net/offre/charge-rh/
0;VENDEURS et LIVREURS tout le Maroc;DISTRIBUTION;"2000, Casablanca, 20000";CDD;Agro-alimentaire;;;;;1;Publié 6 jours .;;;https://marocemploi.net/offre/vendeurs-et-livreurs-tout-le-maroc/
0;Vendeuse et responsable de boutique à Tanger;Rihla Shop;"Tanger, 90000";CDI;Retail;;;;;1;Publié 2 semaines .;;;https://marocemploi.net/offre/vendeuse-et-responsable-de-boutique-a-tanger/
0;Infirmier / Infirmière – Ville de Fès;PROPHARMA;"Fès, 80000";CDD;Hôpitaux et centres de soins;;;;;1;Publié 2 semaines .;;;https://marocemploi.net/offre/infirmier-fes/
0;Chargé Marketing Digital – Rabat;MAROC VOYAGES et MVR STRAYEGY;"Bureau N°23 Avenue Arroz Secteur 11 Hay Ryad Rabat, 10000";CDI;Tourisme;;;;;1;Publié 2 semaines .;;;https://marocemploi.net/offre/charge-marketing-digital/
0;Responsable Marketing Digital – Rabat;MAROC VOYAGES et MVR STRAYEGY;"Bureau N°23 Avenue Arroz Secteur 11 Hay Ryad Rabat, 10000";CDI;Tourisme;;;;;1;Publié 2 semaines .;;;https://marocemploi.net/offre/responsable-marketing-digital/
0;Chargé Finance et Comptabilité – Rabat;MAROC VOYAGES et MVR STRAYEGY;"Bureau N°23 Avenue Arroz Secteur 11 Hay Ryad Rabat, 10000";CDI;Tourisme;;;;;1;Publié 2 semaines .;;;https://marocemploi.net/offre/charge-finance-et-comptabilite/
0;Chargé Facturation et Recouvrement – Rabat;MAROC VOYAGES et MVR STRAYEGY;"Bureau N°23 Avenue Arroz Secteur 11 Hay Ryad Rabat, 10000";CDI;Tourisme;;;;;1;Publié 2 semaines .;;;https://marocemploi.net/offre/charge-facturation-et-recouvrement/
0;Chargé Relations Clients – Rabat;MAROC VOYAGES et MVR STRAYEGY;"Bureau N°23 Avenue Arroz Secteur 11 Hay Ryad Rabat, 10000";CDI;Tourisme;;;;;1;Publié 2 semaines .;;;https://marocemploi.net/offre/charge-relations-clients/
0;Account Manager Sales – Rabat;MAROC VOYAGES et MVR STRAYEGY;"Bureau N°23 Avenue Arroz Secteur 11 Hay Ryad Rabat, 10000";CDI;Tourisme;;;;;1;Publié 2 semaines .;;;https://marocemploi.net/offre/account-manager-sales/
0;Technicien Support IT – Monitoring L1/L2 – Marrakech;Genious Communications;"Assif B, 40000";CDI;Internet / hi-tech;;;;;1;Publié 2 semaines .;;;https://marocemploi.net/offre/technicien-support-it-monitoring-l1-l2/
0;Assistante Personnelle – Marrakech;Genious Communications;"Assif B, 40000";CDI;Direction;;;;;1;Publié 2 semaines .;;;https://marocemploi.net/offre/assistante-personnelle/
0;Assistante de Direction – Casablanca;kanban sarl;"37,Quartier Beausite, Centre Al Hadika, Route de Rabat, Ain Sebaa-Casablanca, 20450";Intérim;Autres;;;;;1;Publié 3 semaines .;;;https://marocemploi.net/offre/assistante-de-direction-casablanca/
0;Assistante de direction – Marrakech;kanban sarl;"Marrakech, 20450";Intérim;Autres;;;;;1;Publié 3 semaines .;;;https://marocemploi.net/offre/dassistante-de-direction-marrakech/
0;Responsable & Community Manager;Matriochka beauty;"4 rue de berne quartier des hopitaux, 20000";CDD;Beauté / bien-être;;;;;1;Publié 3 semaines .;;;https://marocemploi.net/offre/responsable-community-manager/
0;Ingénieur en géotechnique & environnement expérimenté (h/f) – Rabat;MDC Ingénierie;"Rabat, 10150";CDI;Autres;;;;;1;Publié 3 semaines .;;;https://marocemploi.net/offre/ingenieur-en-geotechnique-environnement-rabat/
0;Jounaliste Arabophone (Stage Rémunéré);Le Nouvelliste Media Group;"Casablanca, 20000";Stage;Presse / médias;;;;;1;Publié 3 semaines .;;;https://marocemploi.net/offre/jounaliste-arabophone-stage-remunere/
0;Responsable de Restauration – Nouaceur;kanban sarl;"Nouaceur, 20450";Intérim;Autres;;;;;1;Publié 3 semaines .;;;https://marocemploi.net/offre/responsable-de-restauration-nouaceur/
0;Gestionnaire de l’Internat – Maison des Stagiaires – Beni Mellal;kanban sarl;"Beni Mellal, 20450";Intérim;Autres;;;;;1;Publié 3 semaines .;;;https://marocemploi.net/offre/gestionnaire-de-linternat-maison-des-stagiaires-garcons-filles-beni-mellal/
0;Responsable d’Infirmerie – Beni Mellal;kanban sarl;"Beni Mellal, 20450";Intérim;Autres;;;;;1;Publié 3 semaines .;;;https://marocemploi.net/offre/responsable-dinfirmerie-beni-mellal/
0;Responsable des activités sportives – Beni Mellal;kanban sarl;"beni mellal, 20450";Intérim;Autres;;;;;1;Publié 3 semaines .;;;https://marocemploi.net/offre/responsable-des-activites-sportives-beni-mellal/
0;Gestionnaire RH junior;Société de distribution;"Casablanca, 20000";CDI;Agro-alimentaire;;;;;1;Publié 1 mois .;;;https://marocemploi.net/offre/gestionnaire-rh-junior/
0;SUPERVISEUR DES VENTES // FMCG;Société de distribution;"Fes, 20000";CDI;Agro-alimentaire;;;;;1;Publié 1 mois .;;;https://marocemploi.net/offre/superviseur-des-ventes-fmcg/
0;MAGASINIER SAFI / ESSAOUIRA;DISTRIBUTION;"SAFI - ESSAOUIRA, 20000";CDI;Agro-alimentaire;;;;;1;Publié 2 mois .;;;https://marocemploi.net/offre/magasinier-safi-essaouira/
0;AUDITEUR INTERNE;Société de distribution;"Casablanca, 20000";CDI;Agro-alimentaire;;;;;1;Publié 2 mois .;;;https://marocemploi.net/offre/auditeur-interne/
0;AGENT DE TRESORERIE;société de distribution;"20000, Casablanca";CDI;Commerces / distribution;;;;;1;Publié 2 mois .;;;https://marocemploi.net/offre/agent-de-tresorerie/
0;Télévendeuse;Caisse Manager;"Hay Riad, Rabat , 20000";CDI;Centres d'appel / Help Desk / Call center;;;;;1;Publié 6 mois .;;;https://marocemploi.net/offre/televendeuse/
0;Agent de ménage;Caisse Manager;"Gueliz, Marrakech , 20000";CDI;Restauration Rapide;;;;;1;Publié 6 mois .;;;https://marocemploi.net/offre/agent-de-menage/
0;Caissier;Caisse Manager;"Gueliz, Marrakech , 20000";CDI;Restauration Rapide;;;;;1;Publié 6 mois .;;;https://marocemploi.net/offre/caissier-4/
0;Responsable de Restauration – Beni Mellal;kanban sarl;"beni mellal , 20450";Intérim;Autres;;;;;1;Publié 3 semaines .;;;https://marocemploi.net/offre/responsable-de-restauration-beni-mellal/
0;Technicien Froid et Climatisation – Beni Mellal;kanban sarl;"beni mellal, 20450";Intérim;Autres;;;;;1;Publié 3 semaines .;;;https://marocemploi.net/offre/technicien-froid-et-climatisation-beni-mellal/
0;Assistant(e) de Direction a Beni Mellal;kanban sarl;"Beni Mellal, 20450";Intérim;Autres;;;;;1;Publié 3 semaines .;;;https://marocemploi.net/offre/assistante-de-direction-a-beni-mellal/
0;Chargé(e) de Projet Événementiel;Abo Prod;"Mohammedia, 20000";CDI;Art / audiovisuel;;;;;1;Publié 3 semaines .;;;https://marocemploi.net/offre/chargee-de-projet-evenementiel/
0;CAISSIER MOHAMMEDIA;DISTRIBUTION;"MOHAMMEDIA, 20000";CDI;Agro-alimentaire;;;;;1;Publié 4 semaines .;;;https://marocemploi.net/offre/caissier-mohammedia/
0;HUB SUPERVISOR;DISTRIBUTION;"Mohammedia, 20000";CDI;Agro-alimentaire;;;;;1;Publié 1 mois .;;;https://marocemploi.net/offre/hub-supervisor-2/
0;CAISSIER SAFI/ESSAOUIRA;DISTRIBUTION;"Essaouira, Safi, 20000";CDI;Agro-alimentaire;;;;;1;Publié 2 mois .;;;https://marocemploi.net/offre/caissier-safi-essaouira-2/
0;VENDEURS/LIVREURS basé à SAFI et ESSAOUIRA;DISTRIBUTION;"Casablanca, 20000";CDD;Agro-alimentaire;;;;;1;Publié 2 mois .;;;https://marocemploi.net/offre/vendeurs-livreurs-base-a-safi-et-essaouira/
0;Chef de projet coordination & organisation artistique / événementielle;Abo Prod;"Tout, 20000";CDI;Art / audiovisuel;;;;;1;Publié 3 mois .;;;https://marocemploi.net/offre/chef-de-projet-coordination-organisation-artistique-evenementielle/
0;Equipier Polyvalent;Caisse Manager;"Gueliz, Marrakech , 20000";CDI;Restauration Rapide;;;;;1;Publié 6 mois .;;;https://marocemploi.net/offre/equipier-polyvalent-2/
0;Commis de cuisine;Caisse Manager;"Hay Riad, Rabat , 20000";CDI;Restauration Rapide;;;;;1;Publié 6 mois .;;;https://marocemploi.net/offre/commis-de-cuisine-2/
0;Serveur;Caisse Manager;"Hay Riad, Rabat , 20000";CDI;Restauration Rapide;;;;;1;Publié 6 mois .;;;https://marocemploi.net/offre/serveur/
0;Equipier polyvalent;Caisse Manager;"Imm Rafina, Bourgogne, Casablanca , 10100";CDI;Restauration Rapide;;;;;1;Publié 6 mois .;;;https://marocemploi.net/offre/equipier-polyvalent/
0;Commis de cuisine;Caisse Manager;"Imm Rafina, Bourgogne, Casablanca , 10100";CDI;Restauration Rapide;;;;;1;Publié 6 mois .;;;https://marocemploi.net/offre/commis-de-cuisine/
0;Caissière;Caisse Manager;"Imm Rafina, Bourgogne, Casablanca , 10100";CDI;Restauration Rapide;;;;;1;Publié 6 mois .;;;https://marocemploi.net/offre/caissiere/
0;Trade Marketing Manager;Société de distribution;"20000, Casablanca";CDI;Agro-alimentaire;;;;;1;Publié 8 mois .;;;https://marocemploi.net/offre/trade-marketing-manager-2/
0;Vendeur Gros Beni Mellal;Société de distribution;"Beni Mellal, 20000";CDI;Autres;;;;;1;Publié 8 mois .;;;https://marocemploi.net/offre/vendeur-gros-beni-mellal/
0;Assistante Ressources Humaines;Société de distribution;"Casablanca, 20000";CDI;Autres;;;;;1;Publié 8 mois .;;;https://marocemploi.net/offre/assistante-ressources-humaines/
0;Livreur Nador;Société de distribution;"Nador, 20000";CDI;Autres;;;;;1;Publié 8 mois .;;;https://marocemploi.net/offre/livreur-nador/
0;Livreur Fes;Société de distribution;"Fes, 20000";CDI;Autres;;;;;1;Publié 8 mois .;;;https://marocemploi.net/offre/livreur-fes/
0;Livreur Agadir;Société de distribution;"Agadir, 20000";CDI;Autres;;;;;1;Publié 8 mois .;;;https://marocemploi.net/offre/livreur-agadir-2/
0;Livreur Marrakech;Société de distribution;"Marrakech, 20000";CDI;Autres;;;;;1;Publié 8 mois .;;;https://marocemploi.net/offre/livreur-marrakech/
0;Livreur Beni Mellal;Société de distribution;"Beni Mellal, 20000";CDI;Autres;;;;;1;Publié 8 mois .;;;https://marocemploi.net/offre/livreur-beni-mellal/
0;Vendeur gros – Oujda;Société de distribution;"Oujda, 20000";CDI;Autres;;;;;1;Publié 8 mois .;;;https://marocemploi.net/offre/vendeur-gros-oujda/
0;Vendeur gros – Nador;Société de distribution;"Nador, 20000";CDI;Autres;;;;;1;Publié 8 mois .;;;https://marocemploi.net/offre/vendeur-gros-nador/
0;Vendeur gros – Midelt;Société de distribution;"Midelt, 20000";CDI;Autres;;;;;1;Publié 8 mois .;;;https://marocemploi.net/offre/vendeur-gros-midelt/
0;Vendeur Gros – Meknes;Société de distribution;"Meknes, 20000";CDI;Autres;;;;;1;Publié 8 mois .;;;https://marocemploi.net/offre/vendeur-gros-meknes/
0;Vendeur Gros – Fes;Société de distribution;"Fes, 20000";CDI;Autres;;;;;1;Publié 8 mois .;;;https://marocemploi.net/offre/vendeur-gros-fes/
0;Vendeur gros – Guelmim;Société de distribution;"Guelmim, 20000";CDI;Autres;;;;;1;Publié 8 mois .;;;https://marocemploi.net/offre/vendeur-gros-guelmim/
0;Vendeur Gros – Agadir;Société de distribution;"Agadir, 20000";CDI;Autres;;;;;1;Publié 8 mois .;;;https://marocemploi.net/offre/vendeur-gros-agadir/
0;Vendeur gros – Safi;Société de distribution;"Safi, 20000";CDI;Autres;;;;;1;Publié 8 mois .;;;https://marocemploi.net/offre/vendeur-gros-safi/
0;Vendeur Gros – Marrakech;Société de distribution;"Marrakech, 20000";CDI;Autres;;;;;1;Publié 8 mois .;;;https://marocemploi.net/offre/vendeur-gros-marrakech/
0;Vendeur détail – Oujda;Société de distribution;"Oujda, 20000";CDI;Autres;;;;;1;Publié 8 mois .;;;https://marocemploi.net/offre/vendeur-detail-oujda/
0;Vendeur détail – Nador;Société de distribution;"Nador, 20000";CDI;Autres;;;;;1;Publié 8 mois .;;;https://marocemploi.net/offre/vendeur-detail-nador/
0;Vendeur détail – Midelt;Société de distribution;"Midelt, 20000";CDI;Autres;;;;;1;Publié 8 mois .;;;https://marocemploi.net/offre/vendeur-detail-midelt/
0;Vendeur détail – Meknes;Société de distribution;"Meknes, 20000";;Autres;;;;;1;Publié 8 mois .;;;https://marocemploi.net/offre/vendeur-detail-meknes/
0;Vendeur détail – Fes;Société de distribution;"Fes, 20000";CDI;Autres;;;;;1;Publié 8 mois .;;;https://marocemploi.net/offre/vendeur-detail-fes/
0;Vendeur détail – Khouribga;Société de distribution;"Khouribga, 20000";CDI;Autres;;;;;1;Publié 8 mois .;;;https://marocemploi.net/offre/vendeur-detail-khouribga/
0;Vendeur détail – Beni Mellal;Société de distribution;"Beni Mellal, 20000";CDI;Autres;;;;;1;Publié 8 mois .;;;https://marocemploi.net/offre/vendeur-detail-beni-mellal/
0;Vendeur détail – Laayoune;Société de distribution;"Laayoune, 20000";;Autres;;;;;1;Publié 8 mois .;;;https://marocemploi.net/offre/vendeur-detail-laayoun/
